[
    {
        "model": "ocds_master_tables.address",
        "pk": 1,
        "fields": {
            "country_name": "Madagascar",
            "region": "Analamanga",
            "locality": "Tananarive",
            "postal_code": "101",
            "locality_longitude": "47.516667",
            "locality_latitude": "-18.933333"
        }
    },
    {
        "model": "ocds_master_tables.address",
        "pk": 2,
        "fields": {
            "country_name": "Madagascar",
            "region": "Atsinanana",
            "locality": "Toamasina",
            "postal_code": "501",
            "locality_longitude": "48.497459",
            "locality_latitude": "-17.407290"
        }
    },
    {
        "model": "ocds_master_tables.address",
        "pk": 3,
        "fields": {
            "country_name": "United Kingdom",
            "region": "London",
            "locality": "London",
            "postal_code": "N11 1NP",
            "locality_longitude": null,
            "locality_latitude": null
        }
    },
    {
        "model": "ocds_master_tables.address",
        "pk": 4,
        "fields": {
            "country_name": "Madagascar",
            "region": "Analamanga",
            "locality": "Tananarive",
            "postal_code": "101",
            "locality_longitude": null,
            "locality_latitude": null
        }
    },
    {
        "model": "ocds_master_tables.address",
        "pk": 5,
        "fields": {
            "country_name": "Madagascar",
            "region": "Analamanga",
            "locality": "Tananarive",
            "postal_code": "101",
            "locality_longitude": null,
            "locality_latitude": null
        }
    },
    {
        "model": "ocds_master_tables.address",
        "pk": 6,
        "fields": {
            "country_name": "United Kingdom",
            "region": "London",
            "locality": "London",
            "postal_code": "N11 1NP",
            "locality_longitude": null,
            "locality_latitude": null
        }
    },
    {
        "model": "ocds_master_tables.address",
        "pk": 7,
        "fields": {
            "country_name": "Madagascar",
            "region": "Atsinanana",
            "locality": "Toamasina",
            "postal_code": "501",
            "locality_longitude": null,
            "locality_latitude": null
        }
    },
    {
        "model": "ocds_master_tables.address",
        "pk": 8,
        "fields": {
            "country_name": "Madagascar",
            "region": "Atsinanana",
            "locality": "Toamasina",
            "postal_code": "501",
            "locality_longitude": null,
            "locality_latitude": null
        }
    },
    {
        "model": "ocds_master_tables.address",
        "pk": 9,
        "fields": {
            "country_name": "Madagascar",
            "region": "Atsinanana",
            "locality": "Toamasina",
            "postal_code": "501",
            "locality_longitude": null,
            "locality_latitude": null
        }
    },
    {
        "model": "ocds_master_tables.address",
        "pk": 10,
        "fields": {
            "country_name": "Madagascar",
            "region": "Analamanga",
            "locality": "Tananarive",
            "postal_code": "101",
            "locality_longitude": null,
            "locality_latitude": null
        }
    },
    {
        "model": "ocds_master_tables.address",
        "pk": 11,
        "fields": {
            "country_name": "United Kingdom",
            "region": "London",
            "locality": "London",
            "postal_code": "N11 1NP",
            "locality_longitude": null,
            "locality_latitude": null
        }
    },
    {
        "model": "ocds_master_tables.address",
        "pk": 12,
        "fields": {
            "country_name": "United Kingdom",
            "region": "London",
            "locality": "London",
            "postal_code": "N11 1NP",
            "locality_longitude": null,
            "locality_latitude": null
        }
    },
    {
        "model": "ocds_master_tables.address",
        "pk": 13,
        "fields": {
            "country_name": "United Kingdom",
            "region": "London",
            "locality": "London",
            "postal_code": "N11 1NP",
            "locality_longitude": null,
            "locality_latitude": null
        }
    },
    {
        "model": "ocds_master_tables.classification",
        "pk": 1,
        "fields": {
            "scheme": "CPV",
            "description": "Description de la classification",
            "uri": "http://cpv.data.ac.uk/code-45233130"
        }
    },
    {
        "model": "ocds_master_tables.classification",
        "pk": 2,
        "fields": {
            "scheme": "CPV",
            "description": "Description de la classification",
            "uri": "http://cpv.data.ac.uk/code-45233131"
        }
    },
    {
        "model": "ocds_master_tables.classification",
        "pk": 3,
        "fields": {
            "scheme": "CPV",
            "description": "Description de la classification",
            "uri": "http://cpv.data.ac.uk/code-45233132"
        }
    },
    {
        "model": "ocds_master_tables.classification",
        "pk": 4,
        "fields": {
            "scheme": "CPV",
            "description": "Description de la classification",
            "uri": "http://cpv.data.ac.uk/code-45233133"
        }
    },
    {
        "model": "ocds_master_tables.classification",
        "pk": 5,
        "fields": {
            "scheme": "CPV",
            "description": "Description de la classification",
            "uri": "http://cpv.data.ac.uk/code-45233134"
        }
    },
    {
        "model": "ocds_master_tables.classification",
        "pk": 6,
        "fields": {
            "scheme": "CPV",
            "description": "Description de la classification",
            "uri": "http://cpv.data.ac.uk/code-45233135"
        }
    },
    {
        "model": "ocds_master_tables.classification",
        "pk": 7,
        "fields": {
            "scheme": "CPV",
            "description": "Description de la classification",
            "uri": "http://cpv.data.ac.uk/code-45233136"
        }
    },
    {
        "model": "ocds_master_tables.classification",
        "pk": 8,
        "fields": {
            "scheme": "CPV",
            "description": "Description de la classification",
            "uri": "http://cpv.data.ac.uk/code-45233137"
        }
    },
    {
        "model": "ocds_master_tables.classification",
        "pk": 9,
        "fields": {
            "scheme": "CPV",
            "description": "Description de la classification",
            "uri": "http://cpv.data.ac.uk/code-45233138"
        }
    },
    {
        "model": "ocds_master_tables.classification",
        "pk": 10,
        "fields": {
            "scheme": "CPC",
            "description": "Description de la classification",
            "uri": "http://cpv.data.ac.uk/code-45233139"
        }
    },
    {
        "model": "ocds_master_tables.contactpoint",
        "pk": 1,
        "fields": {
            "name": "Procurement Team 1",
            "email": "procurement-team@example.com",
            "telephone": " 01234 345 346",
            "fax_number": " 01234 345 346",
            "url": "http://example.com/contact/"
        }
    },
    {
        "model": "ocds_master_tables.contactpoint",
        "pk": 2,
        "fields": {
            "name": "Procurement Team 2",
            "email": "procurement-team@example.com",
            "telephone": " 1235 345 347",
            "fax_number": " 1235 345 347",
            "url": "http://example.com/contact/"
        }
    },
    {
        "model": "ocds_master_tables.contactpoint",
        "pk": 3,
        "fields": {
            "name": "Procurement Team 3",
            "email": "procurement-team@example.com",
            "telephone": " 1235 345 346",
            "fax_number": " 1235 345 346",
            "url": "http://example.com/contact/"
        }
    },
    {
        "model": "ocds_master_tables.contactpoint",
        "pk": 4,
        "fields": {
            "name": "Procurement Team 4",
            "email": "procurement-team@example.com",
            "telephone": " 1236 345 347",
            "fax_number": " 1236 345 347",
            "url": "http://example.com/contact/"
        }
    },
    {
        "model": "ocds_master_tables.contactpoint",
        "pk": 5,
        "fields": {
            "name": "Procurement Team 5",
            "email": "procurement-team@example.com",
            "telephone": " 1236 345 346",
            "fax_number": " 1236 345 346",
            "url": "http://example.com/contact/"
        }
    },
    {
        "model": "ocds_master_tables.contactpoint",
        "pk": 6,
        "fields": {
            "name": "Procurement Team 6",
            "email": "procurement-team@example.com",
            "telephone": " 1237 345 347",
            "fax_number": " 1237 345 347",
            "url": "http://example.com/contact/"
        }
    },
    {
        "model": "ocds_master_tables.contactpoint",
        "pk": 7,
        "fields": {
            "name": "Procurement Team 7",
            "email": "procurement-team@example.com",
            "telephone": " 1237 345 346",
            "fax_number": " 1237 345 346",
            "url": "http://example.com/contact/"
        }
    },
    {
        "model": "ocds_master_tables.contactpoint",
        "pk": 8,
        "fields": {
            "name": "Procurement Team 8",
            "email": "procurement-team@example.com",
            "telephone": " 1238 345 347",
            "fax_number": " 1238 345 347",
            "url": "http://example.com/contact/"
        }
    },
    {
        "model": "ocds_master_tables.contactpoint",
        "pk": 9,
        "fields": {
            "name": "Procurement Team 9",
            "email": "procurement-team@example.com",
            "telephone": " 1238 345 346",
            "fax_number": " 1238 345 346",
            "url": "http://example.com/contact/"
        }
    },
    {
        "model": "ocds_master_tables.contactpoint",
        "pk": 10,
        "fields": {
            "name": "Procurement Team 10",
            "email": "procurement-team@example.com",
            "telephone": " 1239 345 347",
            "fax_number": " 1239 345 347",
            "url": "http://example.com/contact/"
        }
    },
    {
        "model": "ocds_master_tables.contactpoint",
        "pk": 11,
        "fields": {
            "name": "Procurement Team 11",
            "email": "procurement-team@example.com",
            "telephone": " 1239 345 346",
            "fax_number": " 1239 345 346",
            "url": "http://example.com/contact/"
        }
    },
    {
        "model": "ocds_master_tables.document",
        "pk": 1,
        "fields": {
            "document_type": "plannedProcurementNotice",
            "title": "http://example.com/transaction-1",
            "description": "Quelques descriptions concernant le document",
            "url": "http://example.com/documents/1",
            "date_published": "2016-04-13T08:00:00.064Z",
            "date_modified": null,
            "document_format": "text/html",
            "language": "eng"
        }
    },
    {
        "model": "ocds_master_tables.document",
        "pk": 2,
        "fields": {
            "document_type": "environmentalImpact",
            "title": "http://example.com/transaction-2",
            "description": "Quelques descriptions concernant le document",
            "url": "http://example.com/documents/2",
            "date_published": "2016-04-13T08:00:00.064Z",
            "date_modified": null,
            "document_format": "text/html",
            "language": "fr"
        }
    },
    {
        "model": "ocds_master_tables.document",
        "pk": 3,
        "fields": {
            "document_type": "tenderNotice",
            "title": "http://example.com/transaction-3",
            "description": "Quelques descriptions concernant le document",
            "url": "http://example.com/documents/3",
            "date_published": "2016-04-13T08:00:00.064Z",
            "date_modified": null,
            "document_format": "text/html",
            "language": "fr"
        }
    },
    {
        "model": "ocds_master_tables.document",
        "pk": 4,
        "fields": {
            "document_type": "procurementPlan",
            "title": "http://example.com/transaction-4",
            "description": "Quelques descriptions concernant le document",
            "url": "http://example.com/documents/4",
            "date_published": "2016-04-13T08:00:00.064Z",
            "date_modified": null,
            "document_format": "text/html",
            "language": "eng"
        }
    },
    {
        "model": "ocds_master_tables.document",
        "pk": 5,
        "fields": {
            "document_type": "marketStudies",
            "title": "http://example.com/transaction-5",
            "description": "Quelques descriptions concernant le document",
            "url": "http://example.com/documents/5",
            "date_published": "2016-04-13T08:00:00.064Z",
            "date_modified": null,
            "document_format": "text/html",
            "language": "eng"
        }
    },
    {
        "model": "ocds_master_tables.document",
        "pk": 6,
        "fields": {
            "document_type": "awardNotice",
            "title": "http://example.com/transaction-6",
            "description": "Quelques descriptions concernant le document",
            "url": "http://example.com/documents/6",
            "date_published": "2016-04-13T08:00:00.064Z",
            "date_modified": null,
            "document_format": "application/pdf",
            "language": "fr"
        }
    },
    {
        "model": "ocds_master_tables.document",
        "pk": 7,
        "fields": {
            "document_type": "completionCertificate",
            "title": "http://example.com/transaction-7",
            "description": "Quelques descriptions concernant le document",
            "url": "http://example.com/documents/7",
            "date_published": "2016-04-13T08:00:00.064Z",
            "date_modified": null,
            "document_format": "application/pdf",
            "language": "fr"
        }
    },
    {
        "model": "ocds_master_tables.document",
        "pk": 8,
        "fields": {
            "document_type": "plannedProcurementNotice",
            "title": "http://example.com/transaction-8",
            "description": "Quelques descriptions concernant le document",
            "url": "http://example.com/documents/8",
            "date_published": "2016-04-13T08:00:00.064Z",
            "date_modified": null,
            "document_format": "application/pdf",
            "language": "eng"
        }
    },
    {
        "model": "ocds_master_tables.document",
        "pk": 9,
        "fields": {
            "document_type": "needsAssessment",
            "title": "http://example.com/transaction-9",
            "description": "Quelques descriptions concernant le document",
            "url": "http://example.com/documents/9",
            "date_published": "2016-04-13T08:00:00.064Z",
            "date_modified": null,
            "document_format": "application/pdf",
            "language": "eng"
        }
    },
    {
        "model": "ocds_master_tables.document",
        "pk": 10,
        "fields": {
            "document_type": "needsAssessment",
            "title": "http://example.com/transaction-10",
            "description": "Quelques descriptions concernant le document",
            "url": "http://example.com/documents/10",
            "date_published": "2016-04-13T08:00:00.064Z",
            "date_modified": null,
            "document_format": "application/pdf",
            "language": "fr"
        }
    },
    {
        "model": "ocds_master_tables.entity",
        "pk": 1,
        "fields": {
            "name": "London Borough of Barnet",
            "identifier": 1,
            "address": 3,
            "contact_point": 1
        }
    },
    {
        "model": "ocds_master_tables.entity",
        "pk": 2,
        "fields": {
            "name": "Brainverse",
            "identifier": 2,
            "address": 4,
            "contact_point": 2
        }
    },
    {
        "model": "ocds_master_tables.entity",
        "pk": 3,
        "fields": {
            "name": "Kwinu",
            "identifier": 3,
            "address": 5,
            "contact_point": 3
        }
    },
    {
        "model": "ocds_master_tables.entity",
        "pk": 4,
        "fields": {
            "name": "Twitterlist",
            "identifier": 4,
            "address": 6,
            "contact_point": 4
        }
    },
    {
        "model": "ocds_master_tables.entity",
        "pk": 5,
        "fields": {
            "name": "Plajo",
            "identifier": 5,
            "address": 7,
            "contact_point": 5
        }
    },
    {
        "model": "ocds_master_tables.entity",
        "pk": 6,
        "fields": {
            "name": "Yombu",
            "identifier": 6,
            "address": 8,
            "contact_point": 6
        }
    },
    {
        "model": "ocds_master_tables.entity",
        "pk": 7,
        "fields": {
            "name": "Eidel",
            "identifier": 7,
            "address": 9,
            "contact_point": 7
        }
    },
    {
        "model": "ocds_master_tables.entity",
        "pk": 8,
        "fields": {
            "name": "Dynazzy",
            "identifier": 8,
            "address": 10,
            "contact_point": 8
        }
    },
    {
        "model": "ocds_master_tables.entity",
        "pk": 9,
        "fields": {
            "name": "Nlounge",
            "identifier": 9,
            "address": 11,
            "contact_point": 9
        }
    },
    {
        "model": "ocds_master_tables.entity",
        "pk": 10,
        "fields": {
            "name": "Quamba",
            "identifier": 10,
            "address": 12,
            "contact_point": 10
        }
    },
    {
        "model": "ocds_master_tables.entity",
        "pk": 11,
        "fields": {
            "name": "Voolia",
            "identifier": 11,
            "address": 13,
            "contact_point": 11
        }
    },
    {
        "model": "ocds_master_tables.identifier",
        "pk": 1,
        "fields": {
            "scheme": "GB-LAC",
            "legal_name": "London Borough of Barnet",
            "uri": "http://uri.example.com"
        }
    },
    {
        "model": "ocds_master_tables.identifier",
        "pk": 2,
        "fields": {
            "scheme": "GB-LAC",
            "legal_name": "Brainverse",
            "uri": "http://uri.example.com"
        }
    },
    {
        "model": "ocds_master_tables.identifier",
        "pk": 3,
        "fields": {
            "scheme": "GB-LAC",
            "legal_name": "Kwinu",
            "uri": "http://uri.example.com"
        }
    },
    {
        "model": "ocds_master_tables.identifier",
        "pk": 4,
        "fields": {
            "scheme": "GB-LAC",
            "legal_name": "Twitterlist",
            "uri": "http://uri.example.com"
        }
    },
    {
        "model": "ocds_master_tables.identifier",
        "pk": 5,
        "fields": {
            "scheme": "GB-LAC",
            "legal_name": "Plajo",
            "uri": "http://uri.example.com"
        }
    },
    {
        "model": "ocds_master_tables.identifier",
        "pk": 6,
        "fields": {
            "scheme": "GB-LAC",
            "legal_name": "Yombu",
            "uri": "http://uri.example.com"
        }
    },
    {
        "model": "ocds_master_tables.identifier",
        "pk": 7,
        "fields": {
            "scheme": "GB-LAC",
            "legal_name": "Eidel",
            "uri": "http://uri.example.com"
        }
    },
    {
        "model": "ocds_master_tables.identifier",
        "pk": 8,
        "fields": {
            "scheme": "GB-LAC",
            "legal_name": "Dynazzy",
            "uri": "http://uri.example.com"
        }
    },
    {
        "model": "ocds_master_tables.identifier",
        "pk": 9,
        "fields": {
            "scheme": "GB-LAC",
            "legal_name": "Nlounge",
            "uri": "http://uri.example.com"
        }
    },
    {
        "model": "ocds_master_tables.identifier",
        "pk": 10,
        "fields": {
            "scheme": "GB-LAC",
            "legal_name": "Quamba",
            "uri": "http://uri.example.com"
        }
    },
    {
        "model": "ocds_master_tables.identifier",
        "pk": 11,
        "fields": {
            "scheme": "GB-LAC",
            "legal_name": "Voolia",
            "uri": "http://uri.example.com"
        }
    },
    {
        "model": "ocds_master_tables.item",
        "pk": 1,
        "fields": {
            "description": "Construction d'une portion de route",
            "classification": 1,
            "quantity": 10,
            "unit": 1
        }
    },
    {
        "model": "ocds_master_tables.item",
        "pk": 2,
        "fields": {
            "description": "Construction d'une portion de route",
            "classification": 2,
            "quantity": 5,
            "unit": 2
        }
    },
    {
        "model": "ocds_master_tables.item",
        "pk": 3,
        "fields": {
            "description": "Construction d'une portion de route",
            "classification": 3,
            "quantity": 7,
            "unit": 3
        }
    },
    {
        "model": "ocds_master_tables.item",
        "pk": 4,
        "fields": {
            "description": "Construction d'une portion de route",
            "classification": 4,
            "quantity": 6,
            "unit": 4
        }
    },
    {
        "model": "ocds_master_tables.item",
        "pk": 5,
        "fields": {
            "description": "Construction d'une portion de route",
            "classification": 5,
            "quantity": 5,
            "unit": 5
        }
    },
    {
        "model": "ocds_master_tables.item",
        "pk": 6,
        "fields": {
            "description": "Construction d'une portion de route",
            "classification": 6,
            "quantity": 4,
            "unit": 6
        }
    },
    {
        "model": "ocds_master_tables.item",
        "pk": 7,
        "fields": {
            "description": "Construction d'une portion de route",
            "classification": 7,
            "quantity": 8,
            "unit": 7
        }
    },
    {
        "model": "ocds_master_tables.item",
        "pk": 8,
        "fields": {
            "description": "Construction d'une portion de route",
            "classification": 8,
            "quantity": 9,
            "unit": 8
        }
    },
    {
        "model": "ocds_master_tables.item",
        "pk": 9,
        "fields": {
            "description": "Construction d'une portion de route",
            "classification": 9,
            "quantity": 10,
            "unit": 9
        }
    },
    {
        "model": "ocds_master_tables.item",
        "pk": 10,
        "fields": {
            "description": "Construction d'une portion de route",
            "classification": 10,
            "quantity": 5,
            "unit": 10
        }
    },
    {
        "model": "ocds_master_tables.milestone",
        "pk": 1,
        "fields": {
            "title": "Construction d'une portion de route",
            "description": "Description de la construction d'une portion de route",
            "due_date": "2019-04-15",
            "date_modified": null,
            "status": "scheduled"
        }
    },
    {
        "model": "ocds_master_tables.milestone",
        "pk": 2,
        "fields": {
            "title": "Construction d'une portion de route",
            "description": "Description de la construction d'une portion de route",
            "due_date": "2019-04-15",
            "date_modified": null,
            "status": "scheduled"
        }
    },
    {
        "model": "ocds_master_tables.milestone",
        "pk": 3,
        "fields": {
            "title": "Construction d'une portion de route",
            "description": "Description de la construction d'une portion de route",
            "due_date": "2019-04-15",
            "date_modified": null,
            "status": "scheduled"
        }
    },
    {
        "model": "ocds_master_tables.milestone",
        "pk": 4,
        "fields": {
            "title": "Construction d'une portion de route",
            "description": "Description de la construction d'une portion de route",
            "due_date": "2019-04-15",
            "date_modified": null,
            "status": "scheduled"
        }
    },
    {
        "model": "ocds_master_tables.milestone",
        "pk": 5,
        "fields": {
            "title": "Construction d'une portion de route",
            "description": "Description de la construction d'une portion de route",
            "due_date": "2019-04-15",
            "date_modified": null,
            "status": "scheduled"
        }
    },
    {
        "model": "ocds_master_tables.milestone",
        "pk": 6,
        "fields": {
            "title": "Construction d'une portion de route",
            "description": "Description de la construction d'une portion de route",
            "due_date": "2019-04-15",
            "date_modified": null,
            "status": "scheduled"
        }
    },
    {
        "model": "ocds_master_tables.milestone",
        "pk": 7,
        "fields": {
            "title": "Construction d'une portion de route",
            "description": "Description de la construction d'une portion de route",
            "due_date": "2019-04-15",
            "date_modified": null,
            "status": "scheduled"
        }
    },
    {
        "model": "ocds_master_tables.milestone",
        "pk": 8,
        "fields": {
            "title": "Construction d'une portion de route",
            "description": "Description de la construction d'une portion de route",
            "due_date": "2019-04-15",
            "date_modified": null,
            "status": "scheduled"
        }
    },
    {
        "model": "ocds_master_tables.milestone",
        "pk": 9,
        "fields": {
            "title": "Construction d'une portion de route",
            "description": "Description de la construction d'une portion de route",
            "due_date": "2019-04-15",
            "date_modified": null,
            "status": "scheduled"
        }
    },
    {
        "model": "ocds_master_tables.milestone",
        "pk": 10,
        "fields": {
            "title": "Construction d'une portion de route",
            "description": "Description de la construction d'une portion de route",
            "due_date": "2019-04-15",
            "date_modified": null,
            "status": "scheduled"
        }
    },
    {
        "model": "ocds_master_tables.milestonedocument",
        "pk": 9,
        "fields": {
            "ref_milestone": 1
        }
    },
    {
        "model": "ocds_master_tables.period",
        "pk": 1,
        "fields": {
            "start_date": "2015-04-15",
            "end_date": "2015-05-15"
        }
    },
    {
        "model": "ocds_master_tables.period",
        "pk": 2,
        "fields": {
            "start_date": "2015-04-15",
            "end_date": "2015-05-15"
        }
    },
    {
        "model": "ocds_master_tables.period",
        "pk": 3,
        "fields": {
            "start_date": "2015-05-15",
            "end_date": "2016-05-15"
        }
    },
    {
        "model": "ocds_master_tables.period",
        "pk": 4,
        "fields": {
            "start_date": "2015-04-15",
            "end_date": "2015-05-15"
        }
    },
    {
        "model": "ocds_master_tables.period",
        "pk": 5,
        "fields": {
            "start_date": "2015-04-15",
            "end_date": "2015-05-15"
        }
    },
    {
        "model": "ocds_master_tables.period",
        "pk": 6,
        "fields": {
            "start_date": "2015-05-15",
            "end_date": "2016-05-15"
        }
    },
    {
        "model": "ocds_master_tables.period",
        "pk": 7,
        "fields": {
            "start_date": "2016-04-15",
            "end_date": "2017-05-15"
        }
    },
    {
        "model": "ocds_master_tables.period",
        "pk": 8,
        "fields": {
            "start_date": "2016-05-15",
            "end_date": "2017-06-15"
        }
    },
    {
        "model": "ocds_master_tables.period",
        "pk": 9,
        "fields": {
            "start_date": "2016-06-15",
            "end_date": "2017-07-15"
        }
    },
    {
        "model": "ocds_master_tables.period",
        "pk": 10,
        "fields": {
            "start_date": "2016-07-15",
            "end_date": "2017-08-15"
        }
    },
    {
        "model": "ocds_master_tables.period",
        "pk": 11,
        "fields": {
            "start_date": "2016-08-15",
            "end_date": "2017-09-15"
        }
    },
    {
        "model": "ocds_master_tables.period",
        "pk": 12,
        "fields": {
            "start_date": "2016-04-15",
            "end_date": "2017-05-15"
        }
    },
    {
        "model": "ocds_master_tables.period",
        "pk": 13,
        "fields": {
            "start_date": "2016-05-15",
            "end_date": "2017-06-15"
        }
    },
    {
        "model": "ocds_master_tables.period",
        "pk": 14,
        "fields": {
            "start_date": "2016-06-15",
            "end_date": "2017-07-15"
        }
    },
    {
        "model": "ocds_master_tables.period",
        "pk": 15,
        "fields": {
            "start_date": "2016-07-15",
            "end_date": "2017-08-15"
        }
    },
    {
        "model": "ocds_master_tables.period",
        "pk": 16,
        "fields": {
            "start_date": "2016-08-15",
            "end_date": "2017-09-15"
        }
    },
    {
        "model": "ocds_master_tables.unit",
        "pk": 1,
        "fields": {
            "name": "Kilomètre",
            "value": 27
        }
    },
    {
        "model": "ocds_master_tables.unit",
        "pk": 2,
        "fields": {
            "name": "Kilomètre",
            "value": 28
        }
    },
    {
        "model": "ocds_master_tables.unit",
        "pk": 3,
        "fields": {
            "name": "Kilomètre",
            "value": 29
        }
    },
    {
        "model": "ocds_master_tables.unit",
        "pk": 4,
        "fields": {
            "name": "Kilomètre",
            "value": 30
        }
    },
    {
        "model": "ocds_master_tables.unit",
        "pk": 5,
        "fields": {
            "name": "Kilomètre",
            "value": 31
        }
    },
    {
        "model": "ocds_master_tables.unit",
        "pk": 6,
        "fields": {
            "name": "Kilomètre",
            "value": 32
        }
    },
    {
        "model": "ocds_master_tables.unit",
        "pk": 7,
        "fields": {
            "name": "Kilomètre",
            "value": 33
        }
    },
    {
        "model": "ocds_master_tables.unit",
        "pk": 8,
        "fields": {
            "name": "Kilomètre",
            "value": 34
        }
    },
    {
        "model": "ocds_master_tables.unit",
        "pk": 9,
        "fields": {
            "name": "Kilomètre",
            "value": 35
        }
    },
    {
        "model": "ocds_master_tables.unit",
        "pk": 10,
        "fields": {
            "name": "Kilomètre",
            "value": 36
        }
    },
    {
        "model": "ocds_master_tables.value",
        "pk": 1,
        "fields": {
            "amount": "50000.00",
            "currency": "MGA"
        }
    },
    {
        "model": "ocds_master_tables.value",
        "pk": 2,
        "fields": {
            "amount": "2500000.00",
            "currency": "MGA"
        }
    },
    {
        "model": "ocds_master_tables.value",
        "pk": 3,
        "fields": {
            "amount": "15000.00",
            "currency": "MGA"
        }
    },
    {
        "model": "ocds_master_tables.value",
        "pk": 4,
        "fields": {
            "amount": "50000.00",
            "currency": "MGA"
        }
    },
    {
        "model": "ocds_master_tables.value",
        "pk": 5,
        "fields": {
            "amount": "50000.00",
            "currency": "MGA"
        }
    },
    {
        "model": "ocds_master_tables.value",
        "pk": 6,
        "fields": {
            "amount": "2500000.00",
            "currency": "MGA"
        }
    },
    {
        "model": "ocds_master_tables.value",
        "pk": 7,
        "fields": {
            "amount": "25000.00",
            "currency": "MGA"
        }
    },
    {
        "model": "ocds_master_tables.value",
        "pk": 8,
        "fields": {
            "amount": "30000.00",
            "currency": "MGA"
        }
    },
    {
        "model": "ocds_master_tables.value",
        "pk": 9,
        "fields": {
            "amount": "27500.00",
            "currency": "MGA"
        }
    },
    {
        "model": "ocds_master_tables.value",
        "pk": 10,
        "fields": {
            "amount": "15000.00",
            "currency": "MGA"
        }
    },
    {
        "model": "ocds_master_tables.value",
        "pk": 11,
        "fields": {
            "amount": "28000.00",
            "currency": "MGA"
        }
    },
    {
        "model": "ocds_master_tables.value",
        "pk": 12,
        "fields": {
            "amount": "25000.00",
            "currency": "MGA"
        }
    },
    {
        "model": "ocds_master_tables.value",
        "pk": 13,
        "fields": {
            "amount": "30000.00",
            "currency": "MGA"
        }
    },
    {
        "model": "ocds_master_tables.value",
        "pk": 14,
        "fields": {
            "amount": "27500.00",
            "currency": "MGA"
        }
    },
    {
        "model": "ocds_master_tables.value",
        "pk": 15,
        "fields": {
            "amount": "15000.00",
            "currency": "MGA"
        }
    },
    {
        "model": "ocds_master_tables.value",
        "pk": 16,
        "fields": {
            "amount": "28000.00",
            "currency": "MGA"
        }
    },
    {
        "model": "ocds_master_tables.value",
        "pk": 17,
        "fields": {
            "amount": "1000.00",
            "currency": "MGA"
        }
    },
    {
        "model": "ocds_master_tables.value",
        "pk": 18,
        "fields": {
            "amount": "-1000.00",
            "currency": "MGA"
        }
    },
    {
        "model": "ocds_master_tables.value",
        "pk": 19,
        "fields": {
            "amount": "500.00",
            "currency": "MGA"
        }
    },
    {
        "model": "ocds_master_tables.value",
        "pk": 20,
        "fields": {
            "amount": "750.00",
            "currency": "MGA"
        }
    },
    {
        "model": "ocds_master_tables.value",
        "pk": 21,
        "fields": {
            "amount": "1500.00",
            "currency": "MGA"
        }
    },
    {
        "model": "ocds_master_tables.value",
        "pk": 22,
        "fields": {
            "amount": "1000.00",
            "currency": "MGA"
        }
    },
    {
        "model": "ocds_master_tables.value",
        "pk": 23,
        "fields": {
            "amount": "2500.00",
            "currency": "MGA"
        }
    },
    {
        "model": "ocds_master_tables.value",
        "pk": 24,
        "fields": {
            "amount": "3000.00",
            "currency": "MGA"
        }
    },
    {
        "model": "ocds_master_tables.value",
        "pk": 25,
        "fields": {
            "amount": "-1000.00",
            "currency": "MGA"
        }
    },
    {
        "model": "ocds_master_tables.value",
        "pk": 26,
        "fields": {
            "amount": "2500.00",
            "currency": "MGA"
        }
    },
    {
        "model": "ocds_master_tables.value",
        "pk": 27,
        "fields": {
            "amount": "2500.00",
            "currency": "MGA"
        }
    },
    {
        "model": "ocds_master_tables.value",
        "pk": 28,
        "fields": {
            "amount": "2500.00",
            "currency": "MGA"
        }
    },
    {
        "model": "ocds_master_tables.value",
        "pk": 29,
        "fields": {
            "amount": "2500.00",
            "currency": "MGA"
        }
    },
    {
        "model": "ocds_master_tables.value",
        "pk": 30,
        "fields": {
            "amount": "2500.00",
            "currency": "MGA"
        }
    },
    {
        "model": "ocds_master_tables.value",
        "pk": 31,
        "fields": {
            "amount": "2500.00",
            "currency": "MGA"
        }
    },
    {
        "model": "ocds_master_tables.value",
        "pk": 32,
        "fields": {
            "amount": "2500.00",
            "currency": "MGA"
        }
    },
    {
        "model": "ocds_master_tables.value",
        "pk": 33,
        "fields": {
            "amount": "2500.00",
            "currency": "MGA"
        }
    },
    {
        "model": "ocds_master_tables.value",
        "pk": 34,
        "fields": {
            "amount": "2500.00",
            "currency": "MGA"
        }
    },
    {
        "model": "ocds_master_tables.value",
        "pk": 35,
        "fields": {
            "amount": "2500.00",
            "currency": "MGA"
        }
    },
    {
        "model": "ocds_master_tables.value",
        "pk": 36,
        "fields": {
            "amount": "2500.00",
            "currency": "MGA"
        }
    },
    {
        "model": "ocds_master_tables.projet",
        "pk": 1,
        "fields": {
            "titre_projet": "Construction d'autoroute",
            "description": "Quelques descriptions concernant le projet à faire"
        }
    },
    {
        "model": "ocds_master_tables.projet",
        "pk": 2,
        "fields": {
            "titre_projet": "Construction d'école",
            "description": "Quelques descriptions concernant le projet à faire"
        }
    },
    {
        "model": "ocds_master_tables.budget",
        "pk": 1,
        "fields": {
            "source": "Source du budget",
            "description": "Quelques raisons sur pourquoi le projet ",
            "amount": 1,
            "projet": 1,
            "uri": "http://example.uri"
        }
    },
    {
        "model": "ocds_master_tables.budget",
        "pk": 2,
        "fields": {
            "source": "Source du budget",
            "description": "Quelques raisons sur pourquoi le projet ",
            "amount": 2,
            "projet": 2,
            "uri": "http://example.uri"
        }
    },
    {
        "model": "ocds_release.target",
        "pk": 1,
        "fields": {
            "name": "Social"
        }
    },
    {
        "model": "ocds_release.target",
        "pk": 2,
        "fields": {
            "name": "Education"
        }
    },
    {
        "model": "ocds_release.record",
        "pk": 1,
        "fields": {
            "ocid": "ocds-261-0001",
            "target": 1,
            "implementation_address": 1,
            "implementation_value": null
        }
    },
    {
        "model": "ocds_release.record",
        "pk": 2,
        "fields": {
            "ocid": "ocds-261-0002",
            "target": 2,
            "implementation_address": 2,
            "implementation_value": null
        }
    },
    {
        "model": "ocds_release.role",
        "pk": 1,
        "fields": {
            "release": 1,
            "entity": 1,
            "role": "[\"buyer\"]"
        }
    },
    {
        "model": "ocds_release.role",
        "pk": 2,
        "fields": {
            "release": 1,
            "entity": 2,
            "role": null
        }
    },
    {
        "model": "ocds_release.role",
        "pk": 3,
        "fields": {
            "release": 1,
            "entity": 3,
            "role": null
        }
    },
    {
        "model": "ocds_release.role",
        "pk": 4,
        "fields": {
            "release": 1,
            "entity": 4,
            "role": "[\"tenderer\", \"supplier\"]"
        }
    },
    {
        "model": "ocds_release.role",
        "pk": 5,
        "fields": {
            "release": 1,
            "entity": 5,
            "role": "[\"tenderer\", \"supplier\"]"
        }
    },
    {
        "model": "ocds_release.role",
        "pk": 6,
        "fields": {
            "release": 2,
            "entity": 6,
            "role": "[\"buyer\"]"
        }
    },
    {
        "model": "ocds_release.role",
        "pk": 7,
        "fields": {
            "release": 2,
            "entity": 7,
            "role": null
        }
    },
    {
        "model": "ocds_release.role",
        "pk": 8,
        "fields": {
            "release": 2,
            "entity": 8,
            "role": null
        }
    },
    {
        "model": "ocds_release.role",
        "pk": 9,
        "fields": {
            "release": 2,
            "entity": 9,
            "role": null
        }
    },
    {
        "model": "ocds_release.role",
        "pk": 10,
        "fields": {
            "release": 2,
            "entity": 10,
            "role": null
        }
    },
    {
        "model": "ocds_release.role",
        "pk": 11,
        "fields": {
            "release": 2,
            "entity": 11,
            "role": null
        }
    },
    {
        "model": "ocds_release.role",
        "pk": 12,
        "fields": {
            "release": 1,
            "entity": 6,
            "role": "[\"tenderer\", \"supplier\"]"
        }
    },
    {
        "model": "ocds_release.role",
        "pk": 13,
        "fields": {
            "release": 1,
            "entity": 7,
            "role": "[\"tenderer\", \"supplier\"]"
        }
    },
    {
        "model": "ocds_release.role",
        "pk": 14,
        "fields": {
            "release": 1,
            "entity": 8,
            "role": "[\"tenderer\", \"supplier\"]"
        }
    },
    {
        "model": "ocds_release.role",
        "pk": 15,
        "fields": {
            "release": 1,
            "entity": 9,
            "role": "[\"tenderer\", \"supplier\"]"
        }
    },
    {
        "model": "ocds_release.role",
        "pk": 16,
        "fields": {
            "release": 1,
            "entity": 10,
            "role": "[\"tenderer\", \"supplier\"]"
        }
    },
    {
        "model": "ocds_release.role",
        "pk": 17,
        "fields": {
            "release": 1,
            "entity": 11,
            "role": "[\"tenderer\", \"supplier\"]"
        }
    },
    {
        "model": "ocds_release.release",
        "pk": 1,
        "fields": {
            "ref_record": 1,
            "ocid": "ocds-261-0001-1-2022-01-02 13:07:09.638219+00:00",
            "date": "2022-01-02T13:07:10.737Z",
            "tag": "[\"planning\"]",
            "initiation_type": "tender",
            "buyer": 1,
            "planning": 1,
            "tender": 1
        }
    },
    {
        "model": "ocds_release.release",
        "pk": 2,
        "fields": {
            "ref_record": 2,
            "ocid": "ocds-261-0002-1-2022-01-02 13:07:10.052068+00:00",
            "date": "2022-01-02T13:07:11.571Z",
            "tag": "[\"planning\"]",
            "initiation_type": "tender",
            "buyer": 6,
            "planning": 2,
            "tender": 2
        }
    },
    {
        "model": "ocds_planning.planning",
        "pk": 1,
        "fields": {
            "raison": "Quelques raisons sur pourquoi le projet ",
            "budget": 1
        }
    },
    {
        "model": "ocds_planning.planning",
        "pk": 2,
        "fields": {
            "raison": "Quelques raisons sur pourquoi le projet ",
            "budget": 2
        }
    },
    {
        "model": "ocds_planning.planningdocument",
        "pk": 1,
        "fields": {
            "planning": 1
        }
    },
    {
        "model": "ocds_planning.planningdocument",
        "pk": 2,
        "fields": {
            "planning": 1
        }
    },
    {
        "model": "ocds_planning.planningdocument",
        "pk": 8,
        "fields": {
            "planning": 1
        }
    },
    {
        "model": "ocds_planning.planningdocument",
        "pk": 10,
        "fields": {
            "planning": 1
        }
    },
    {
        "model": "ocds_planning.planningmilestone",
        "pk": 1,
        "fields": {
            "planning": 1
        }
    },
    {
        "model": "ocds_planning.planningmilestone",
        "pk": 2,
        "fields": {
            "planning": 1
        }
    },
    {
        "model": "ocds_planning.planningmilestone",
        "pk": 4,
        "fields": {
            "planning": 1
        }
    },
    {
        "model": "ocds_planning.planningmilestone",
        "pk": 7,
        "fields": {
            "planning": 1
        }
    },
    {
        "model": "ocds_planning.planningmilestone",
        "pk": 9,
        "fields": {
            "planning": 1
        }
    },
    {
        "model": "ocds_planning.planningmilestone",
        "pk": 10,
        "fields": {
            "planning": 1
        }
    },
    {
        "model": "ocds_tender.tender",
        "pk": 1,
        "fields": {
            "buyer": 1,
            "title": "Construction d'autoroute",
            "description": "Quelques descriptions concernant le projet à faire",
            "status": "planning",
            "procurement_method": "open",
            "procurement_method_rationale": "Quelques raisons sur le choix de la méthode",
            "award_criteria": "priceOnly",
            "award_criteria_details": "Quelques raisons sur le choix de la méthode",
            "submission_method": "electronicSubmission",
            "submission_method_details": "Quelques raisons sur le choix de la méthode",
            "min_value": 3,
            "value": 4,
            "tender_period": 1,
            "enquiry_period": 2,
            "has_enquiries": false,
            "eligibility_criteria": "critere d'eligibilite sous forme de texte",
            "award_period": 3,
            "procuring_entity": 3,
            "tenderers": [
                4,
                5,
                6,
                7,
                8,
                9,
                10,
                11
            ]
        }
    },
    {
        "model": "ocds_tender.tender",
        "pk": 2,
        "fields": {
            "buyer": 6,
            "title": "Construction d'école",
            "description": "Quelques descriptions concernant le projet à faire",
            "status": "planning",
            "procurement_method": "open",
            "procurement_method_rationale": "Quelques raisons sur le choix de la méthode",
            "award_criteria": "priceOnly",
            "award_criteria_details": "Quelques raisons sur le choix de la méthode",
            "submission_method": "electronicSubmission",
            "submission_method_details": "Quelques raisons sur le choix de la méthode",
            "min_value": 5,
            "value": 6,
            "tender_period": 4,
            "enquiry_period": 5,
            "has_enquiries": false,
            "eligibility_criteria": "critere d'eligibilite sous forme de texte",
            "award_period": 6,
            "procuring_entity": 7,
            "tenderers": []
        }
    },
    {
        "model": "ocds_tender.tenderitem",
        "pk": 1,
        "fields": {
            "tender": 1
        }
    },
    {
        "model": "ocds_tender.tenderitem",
        "pk": 2,
        "fields": {
            "tender": 1
        }
    },
    {
        "model": "ocds_tender.tenderitem",
        "pk": 3,
        "fields": {
            "tender": 1
        }
    },
    {
        "model": "ocds_tender.tenderitem",
        "pk": 4,
        "fields": {
            "tender": 1
        }
    },
    {
        "model": "ocds_tender.tenderitem",
        "pk": 5,
        "fields": {
            "tender": 1
        }
    },
    {
        "model": "ocds_tender.tenderdocument",
        "pk": 3,
        "fields": {
            "tender": 1
        }
    },
    {
        "model": "ocds_tender.tenderdocument",
        "pk": 4,
        "fields": {
            "tender": 1
        }
    },
    {
        "model": "ocds_tender.tenderdocument",
        "pk": 5,
        "fields": {
            "tender": 1
        }
    },
    {
        "model": "ocds_tender.tendermilestone",
        "pk": 3,
        "fields": {
            "tender": 1
        }
    },
    {
        "model": "ocds_tender.tendermilestone",
        "pk": 5,
        "fields": {
            "tender": 1
        }
    },
    {
        "model": "ocds_tender.tendermilestone",
        "pk": 6,
        "fields": {
            "tender": 1
        }
    },
    {
        "model": "ocds_tender.tendermilestone",
        "pk": 8,
        "fields": {
            "tender": 1
        }
    },
    {
        "model": "ocds_awards.award",
        "pk": 1,
        "fields": {
            "release": 1,
            "title": "Construction d'autoroute phase 1",
            "description": "Quelques descriptions concernant la phase 1",
            "status": "pending",
            "date": "2016-04-13T08:00:00.064Z",
            "value": 7,
            "contract_period": 7,
            "suppliers": [
                4,
                9
            ]
        }
    },
    {
        "model": "ocds_awards.award",
        "pk": 2,
        "fields": {
            "release": 1,
            "title": "Construction d'autoroute phase 2",
            "description": "Quelques descriptions concernant la phase 2",
            "status": "pending",
            "date": "2016-04-13T08:00:00.064Z",
            "value": 8,
            "contract_period": 8,
            "suppliers": [
                5,
                6,
                7
            ]
        }
    },
    {
        "model": "ocds_awards.award",
        "pk": 3,
        "fields": {
            "release": 1,
            "title": "Construction d'autoroute phase 3",
            "description": "Quelques descriptions concernant la phase 3",
            "status": "pending",
            "date": "2016-04-13T08:00:00.064Z",
            "value": 9,
            "contract_period": 9,
            "suppliers": [
                8,
                10
            ]
        }
    },
    {
        "model": "ocds_awards.award",
        "pk": 4,
        "fields": {
            "release": 1,
            "title": "Construction d'autoroute phase 4",
            "description": "Quelques descriptions concernant la phase 4",
            "status": "pending",
            "date": "2016-04-13T08:00:00.064Z",
            "value": 10,
            "contract_period": 10,
            "suppliers": [
                11
            ]
        }
    },
    {
        "model": "ocds_awards.award",
        "pk": 5,
        "fields": {
            "release": 1,
            "title": "Construction d'autoroute phase 5",
            "description": "Quelques descriptions concernant la phase 5",
            "status": "pending",
            "date": "2016-04-13T08:00:00.064Z",
            "value": 11,
            "contract_period": 11,
            "suppliers": []
        }
    },
    {
        "model": "ocds_awards.award",
        "pk": 6,
        "fields": {
            "release": 2,
            "title": "Construction d'école phase 1",
            "description": "Quelques descriptions concernant la phase 1",
            "status": "pending",
            "date": "2016-04-13T08:00:00.064Z",
            "value": 12,
            "contract_period": 12,
            "suppliers": []
        }
    },
    {
        "model": "ocds_awards.award",
        "pk": 7,
        "fields": {
            "release": 2,
            "title": "Construction d'école phase 2",
            "description": "Quelques descriptions concernant la phase 2",
            "status": "pending",
            "date": "2016-04-13T08:00:00.064Z",
            "value": 13,
            "contract_period": 13,
            "suppliers": []
        }
    },
    {
        "model": "ocds_awards.award",
        "pk": 8,
        "fields": {
            "release": 2,
            "title": "Construction d'école phase 3",
            "description": "Quelques descriptions concernant la phase 3",
            "status": "pending",
            "date": "2016-04-13T08:00:00.064Z",
            "value": 14,
            "contract_period": 14,
            "suppliers": []
        }
    },
    {
        "model": "ocds_awards.award",
        "pk": 9,
        "fields": {
            "release": 2,
            "title": "Construction d'école phase 4",
            "description": "Quelques descriptions concernant la phase 4",
            "status": "pending",
            "date": "2016-04-13T08:00:00.064Z",
            "value": 15,
            "contract_period": 15,
            "suppliers": []
        }
    },
    {
        "model": "ocds_awards.award",
        "pk": 10,
        "fields": {
            "release": 2,
            "title": "Construction d'école phase 5",
            "description": "Quelques descriptions concernant la phase 5",
            "status": "pending",
            "date": "2016-04-13T08:00:00.064Z",
            "value": 16,
            "contract_period": 16,
            "suppliers": []
        }
    },
    {
        "model": "ocds_awards.awarditem",
        "pk": 6,
        "fields": {
            "ref_award": 1
        }
    },
    {
        "model": "ocds_awards.awarditem",
        "pk": 7,
        "fields": {
            "ref_award": 1
        }
    },
    {
        "model": "ocds_awards.awarddocument",
        "pk": 6,
        "fields": {
            "ref_award": 1
        }
    },
    {
        "model": "ocds_awards.awarddocument",
        "pk": 7,
        "fields": {
            "ref_award": 1
        }
    },
    {
        "model": "ocds_contracts.contract",
        "pk": 1,
        "fields": {
            "ref_award": 1,
            "title": "Construction d'autoroute phase 1",
            "description": "Quelques descriptions concernant la phase 1",
            "status": "pending",
            "period": 7,
            "date_signed": "2016-04-13T08:00:00.064Z",
            "value": 7
        }
    },
    {
        "model": "ocds_contracts.contract",
        "pk": 2,
        "fields": {
            "ref_award": 2,
            "title": "Construction d'autoroute phase 2",
            "description": "Quelques descriptions concernant la phase 2",
            "status": "pending",
            "period": 8,
            "date_signed": "2016-04-13T08:00:00.064Z",
            "value": 8
        }
    },
    {
        "model": "ocds_contracts.contract",
        "pk": 3,
        "fields": {
            "ref_award": 3,
            "title": "Construction d'autoroute phase 3",
            "description": "Quelques descriptions concernant la phase 3",
            "status": "pending",
            "period": 9,
            "date_signed": "2016-04-13T08:00:00.064Z",
            "value": 9
        }
    },
    {
        "model": "ocds_contracts.contract",
        "pk": 4,
        "fields": {
            "ref_award": 4,
            "title": "Construction d'autoroute phase 4",
            "description": "Quelques descriptions concernant la phase 4",
            "status": "pending",
            "period": 10,
            "date_signed": "2016-04-13T08:00:00.064Z",
            "value": 10
        }
    },
    {
        "model": "ocds_contracts.contract",
        "pk": 5,
        "fields": {
            "ref_award": 5,
            "title": "Construction d'autoroute phase 5",
            "description": "Quelques descriptions concernant la phase 5",
            "status": "pending",
            "period": 11,
            "date_signed": "2016-04-13T08:00:00.064Z",
            "value": 11
        }
    },
    {
        "model": "ocds_contracts.contract",
        "pk": 6,
        "fields": {
            "ref_award": 6,
            "title": "Construction d'école phase 1",
            "description": "Quelques descriptions concernant la phase 1",
            "status": "pending",
            "period": 12,
            "date_signed": "2016-04-13T08:00:00.064Z",
            "value": 12
        }
    },
    {
        "model": "ocds_contracts.contract",
        "pk": 7,
        "fields": {
            "ref_award": 7,
            "title": "Construction d'école phase 2",
            "description": "Quelques descriptions concernant la phase 2",
            "status": "pending",
            "period": 13,
            "date_signed": "2016-04-13T08:00:00.064Z",
            "value": 13
        }
    },
    {
        "model": "ocds_contracts.contract",
        "pk": 8,
        "fields": {
            "ref_award": 8,
            "title": "Construction d'école phase 3",
            "description": "Quelques descriptions concernant la phase 3",
            "status": "pending",
            "period": 14,
            "date_signed": "2016-04-13T08:00:00.064Z",
            "value": 14
        }
    },
    {
        "model": "ocds_contracts.contract",
        "pk": 9,
        "fields": {
            "ref_award": 9,
            "title": "Construction d'école phase 4",
            "description": "Quelques descriptions concernant la phase 4",
            "status": "pending",
            "period": 15,
            "date_signed": "2016-04-13T08:00:00.064Z",
            "value": 15
        }
    },
    {
        "model": "ocds_contracts.contract",
        "pk": 10,
        "fields": {
            "ref_award": 10,
            "title": "Construction d'école phase 5",
            "description": "Quelques descriptions concernant la phase 5",
            "status": "pending",
            "period": 16,
            "date_signed": "2016-04-13T08:00:00.064Z",
            "value": 16
        }
    },
    {
        "model": "ocds_contracts.contractitem",
        "pk": 8,
        "fields": {
            "ref_contract": 1
        }
    },
    {
        "model": "ocds_contracts.contractitem",
        "pk": 9,
        "fields": {
            "ref_contract": 1
        }
    },
    {
        "model": "ocds_contracts.contractitem",
        "pk": 10,
        "fields": {
            "ref_contract": 1
        }
    },
    {
        "model": "ocds_implementation.implementation",
        "pk": 1,
        "fields": {
            "contract": 1
        }
    },
    {
        "model": "ocds_implementation.implementation",
        "pk": 2,
        "fields": {
            "contract": 2
        }
    },
    {
        "model": "ocds_implementation.implementation",
        "pk": 3,
        "fields": {
            "contract": 3
        }
    },
    {
        "model": "ocds_implementation.implementation",
        "pk": 4,
        "fields": {
            "contract": 4
        }
    },
    {
        "model": "ocds_implementation.implementation",
        "pk": 5,
        "fields": {
            "contract": 5
        }
    },
    {
        "model": "ocds_implementation.implementation",
        "pk": 6,
        "fields": {
            "contract": 6
        }
    },
    {
        "model": "ocds_implementation.implementation",
        "pk": 7,
        "fields": {
            "contract": 7
        }
    },
    {
        "model": "ocds_implementation.implementation",
        "pk": 8,
        "fields": {
            "contract": 8
        }
    },
    {
        "model": "ocds_implementation.implementation",
        "pk": 9,
        "fields": {
            "contract": 9
        }
    },
    {
        "model": "ocds_implementation.implementation",
        "pk": 10,
        "fields": {
            "contract": 10
        }
    },
    {
        "model": "ocds_implementation.transaction",
        "pk": 1,
        "fields": {
            "implementation": 1,
            "source": "http://example.com/transaction-1",
            "date": "2016-04-13T08:00:00.064Z",
            "value": 17,
            "payer": 1,
            "payee": 2,
            "uri": "http://example.com/transaction-1"
        }
    },
    {
        "model": "ocds_implementation.transaction",
        "pk": 2,
        "fields": {
            "implementation": 1,
            "source": "http://example.com/transaction-2",
            "date": "2016-04-13T08:00:00.064Z",
            "value": 18,
            "payer": 1,
            "payee": 3,
            "uri": "http://example.com/transaction-2"
        }
    },
    {
        "model": "ocds_implementation.transaction",
        "pk": 3,
        "fields": {
            "implementation": 1,
            "source": "http://example.com/transaction-3",
            "date": "2016-04-13T08:00:00.064Z",
            "value": 19,
            "payer": 1,
            "payee": 3,
            "uri": "http://example.com/transaction-3"
        }
    },
    {
        "model": "ocds_implementation.transaction",
        "pk": 4,
        "fields": {
            "implementation": 1,
            "source": "http://example.com/transaction-4",
            "date": "2016-04-13T08:00:00.064Z",
            "value": 20,
            "payer": 1,
            "payee": 2,
            "uri": "http://example.com/transaction-4"
        }
    },
    {
        "model": "ocds_implementation.transaction",
        "pk": 5,
        "fields": {
            "implementation": 1,
            "source": "http://example.com/transaction-5",
            "date": "2016-04-13T08:00:00.064Z",
            "value": 21,
            "payer": 1,
            "payee": 3,
            "uri": "http://example.com/transaction-5"
        }
    },
    {
        "model": "ocds_implementation.transaction",
        "pk": 6,
        "fields": {
            "implementation": 2,
            "source": "http://example.com/transaction-6",
            "date": "2016-04-13T08:00:00.064Z",
            "value": 22,
            "payer": 4,
            "payee": 5,
            "uri": "http://example.com/transaction-6"
        }
    },
    {
        "model": "ocds_implementation.transaction",
        "pk": 7,
        "fields": {
            "implementation": 2,
            "source": "http://example.com/transaction-7",
            "date": "2016-04-13T08:00:00.064Z",
            "value": 23,
            "payer": 4,
            "payee": 6,
            "uri": "http://example.com/transaction-7"
        }
    },
    {
        "model": "ocds_implementation.transaction",
        "pk": 8,
        "fields": {
            "implementation": 2,
            "source": "http://example.com/transaction-8",
            "date": "2016-04-13T08:00:00.064Z",
            "value": 24,
            "payer": 4,
            "payee": 5,
            "uri": "http://example.com/transaction-8"
        }
    },
    {
        "model": "ocds_implementation.transaction",
        "pk": 9,
        "fields": {
            "implementation": 2,
            "source": "http://example.com/transaction-9",
            "date": "2016-04-13T08:00:00.064Z",
            "value": 25,
            "payer": 4,
            "payee": 5,
            "uri": "http://example.com/transaction-9"
        }
    },
    {
        "model": "ocds_implementation.transaction",
        "pk": 10,
        "fields": {
            "implementation": 2,
            "source": "http://example.com/transaction-10",
            "date": "2016-04-13T08:00:00.064Z",
            "value": 26,
            "payer": 4,
            "payee": 6,
            "uri": "http://example.com/transaction-10"
        }
    }
]
